{
    "ActionSound": "",
    "AutoUnlock": true,
    "Cards": [
        "{\n    \"UnitsInDeck\": 3,\n    \"Card\": \"poisondart\"\n}",
        "{\n    \"UnitsInDeck\": 3,\n    \"Card\": \"poisonflask\"\n}",
        "{\n    \"UnitsInDeck\": 3,\n    \"Card\": \"bloodrain\"\n}",
        "{\n    \"UnitsInDeck\": 3,\n    \"Card\": \"flankingstrike\"\n}",
        "{\n    \"UnitsInDeck\": 1,\n    \"Card\": \"bladestorm\"\n}",
        "{\n    \"UnitsInDeck\": 1,\n    \"Card\": \"bladedance\"\n}",
        "{\n    \"UnitsInDeck\": 1,\n    \"Card\": \"afflictorfeastofabsolution\"\n}"
    ],
    "ChallengePack0": "plague",
    "ChallengePack1": "avenger",
    "ChallengePack2": "reaver",
    "ChallengePack3": "gladiator",
    "ChallengePack4": "marauder",
    "ChallengePack5": "poisoner",
    "ChallengePack6": "swordman",
    "CharacterDescription": "Torn from his world by the myserious magic, Jason is attempting to find his way back through the Obelisks. The same event that brought him here also gave him mysterious and inexhoribly deadly powers.",
    "CharacterDescriptionStrength": "Scout who excels at applying curses.",
    "CharacterName": "Jason",
    "Energy": 1,
    "EnergyTurn": 3,
    "Female": false,
    "FluffOffsetX": 0,
    "FluffOffsetY": 3.40000009536743,
    "HeroClass": "warrior",
    "HeroClassSecondary": "scout",
    "HitSound": "",
    "HP": 61,
    "ID": "afflictor",
    "Item": "afflictorcloakofshadows",
    "MaxHP": [
        0,
        5,
        5,
        5,
        5
    ],
    "OrderInList": 5,
    "ResistSlashing": 10,
    "ResistBlunt": 0,
    "ResistPiercing": 10,
    "ResistFire": 0,
    "ResistCold": 0,
    "ResistLightning": 0,
    "ResistHoly": 0,
    "ResistShadow": 10,
    "ResistMind": 0,
    "Speed": 11,
    "SpriteBorderLocked": "jasonSilueta",
    "StickerBase": "",
    "StickerAngry": "",
    "StickerIndifferent": "",
    "StickerLove": "",
    "StickerSurprise": "",
    "StickerOffsetX": 0.100000001490116,
    "SubclassName": "Afflictor",
    "Trait0": "afflictortrait0",
    "Trait1A": "afflictortrait1a",
    "Trait1B": "afflictortrait1b",
    "Trait2A": "afflictortrait2a",
    "Trait2B": "afflictortrait2b",
    "Trait3A": "afflictortrait3a",
    "Trait3B": "afflictortrait3b",
    "Trait4A": "afflictortrait4a",
    "Trait4B": "afflictortrait4b",
    "CardsSingularity": [
        "afflictorfeastofabsolution",
        "poisondart",
        "poisonflask",
        "bloodrain",
        "flankingstrike",
        "bladestorm",
        "bladedance",
        "precisestrike",
        "faststrike",
        "bloodforblood",
        "toxicrain",
        "sawtoothknife",
        "sawblade",
        "poisoneddaggers",
        "cleave"
    ]
}