{
    "ActionSound": "",
    "AutoUnlock": true,
    "Cards": [
        "{\n    \"UnitsInDeck\": 4,\n    \"Card\": \"poisondart\"\n}",
        "{\n    \"UnitsInDeck\": 3,\n    \"Card\": \"sawblade\"\n}",
        "{\n    \"UnitsInDeck\": 3,\n    \"Card\": \"sawtoothknife\"\n}",
        "{\n    \"UnitsInDeck\": 2,\n    \"Card\": \"viperstrike\"\n}",
        "{\n    \"UnitsInDeck\": 1,\n    \"Card\": \"hiddenweapon\"\n}",
        "{\n    \"UnitsInDeck\": 1,\n    \"Card\": \"bladedance\"\n}",
        "{\n    \"UnitsInDeck\": 1,\n    \"Card\": \"afflictorfeastofabsolution\"\n}"
    ],
    "ChallengePack0": "plague",
    "ChallengePack1": "poisoner",
    "ChallengePack2": "ninja",
    "ChallengePack3": "rogue",
    "ChallengePack4": "scoundrel",
    "ChallengePack5": "fencer",
    "ChallengePack6": "hunter",
    "CharacterDescription": "Torn from his world by the myserious magic, Jason is attempting to find his way back through the Obelisks. The same event that brought him here also gave him mysterious and inexhoribly deadly powers.",
    "CharacterDescriptionStrength": "Scout who excels at applying curses.",
    "CharacterName": "Jason",
    "Energy": 1,
    "EnergyTurn": 3,
    "Female": false,
    "FluffOffsetX": 0,
    "FluffOffsetY": 3.40000009536743,
    "HeroClass": "scout",
    "HeroClassSecondary": "none",
    "HitSound": "",
    "HP": 63,
    "ID": "afflictor",
    "Item": "afflictorcloakofshadows",
    "MaxHP": [
        0,
        5,
        5,
        5,
        5
    ],
    "OrderInList": 5,
    "ResistSlashing": 15,
    "ResistBlunt": 5,
    "ResistPiercing": 15,
    "ResistFire": 0,
    "ResistCold": 0,
    "ResistLightning": 0,
    "ResistHoly": 0,
    "ResistShadow": 10,
    "ResistMind": 15,
    "Speed": 17,
    "SpriteBorderLocked": "jasonSilueta",
    "StickerBase": "",
    "StickerAngry": "",
    "StickerIndifferent": "",
    "StickerLove": "",
    "StickerSurprise": "",
    "StickerOffsetX": 0.100000001490116,
    "SubclassName": "Afflictor",
    "Trait0": "afflictortrait0",
    "Trait1A": "afflictortrait1a",
    "Trait1B": "afflictortrait1b",
    "Trait2A": "afflictortrait2a",
    "Trait2B": "afflictortrait2b",
    "Trait3A": "afflictortrait3a",
    "Trait3B": "afflictortrait3b",
    "Trait4A": "afflictortrait4b",
    "Trait4B": "afflictortrait4a",
    "CardsSingularity": [
        "afflictorfeastofabsolution",
        "poisondart",
        "poisonflask",
        "toxicrain",
        "bladedance",
        "bladeflurry",
        "rupture",
        "poisonousshot",
        "uproot",
        "viperstrike",
        "slice",
        "sawtoothknife",
        "sawblade",
        "poisoneddaggers",
        "hiddenweapon"
    ]
}