{
    "Activation": "None",
    "AuraCurseBonus1": "Bleed",
    "AuraCurseBonus2": "poison",
    "AuraCurseBonus3": "",
    "AuraCurseBonusValue1": 1,
    "AuraCurseBonusValue2": 1,
    "AuraCurseBonusValue3": 0,
    "AuraCurseImmune1": "",
    "AuraCurseImmune2": "",
    "AuraCurseImmune3": "",
    "CharacterStatModified": "None",
    "CharacterStatModifiedValue": 0,
    "DamageBonusFlat": "None",
    "DamageBonusFlat2": "None",
    "DamageBonusFlat3": "None",
    "DamageBonusFlatValue": 0,
    "DamageBonusFlatValue2": 0,
    "DamageBonusFlatValue3": 0,
    "DamageBonusPercent": "Slashing",
    "DamageBonusPercent2": "Piercing",
    "DamageBonusPercent3": "Blunt",
    "DamageBonusPercentValue": -50.0,
    "DamageBonusPercentValue2": -50.0,
    "DamageBonusPercentValue3": -50.0,
    "Description": "Physical Damage -50%. Bleed +1, Poison +1. Bleed and Poison on monsters cannot be prevented by immunities or buffer.",
    "HealFlatBonus": 0,
    "HealPercentBonus": 0.0,
    "HealReceivedFlatBonus": 0,
    "HealReceivedPercentBonus": 0.0,
    "ID": "afflictortrait0",
    "ResistModified1": "None",
    "ResistModified2": "None",
    "ResistModified3": "None",
    "ResistModifiedValue1": 0,
    "ResistModifiedValue2": 0,
    "ResistModifiedValue3": 0,
    "TimesPerRound": 0,
    "TimesPerTurn": 0,
    "TraitCard": "",
    "TraitCardForAllHeroes": "",
    "TraitName": "Blood from a Stone"
}